,,,,,,,Purchase Team,,,,,,,COST CALCULATIONS,,,,,,,,,,,HAULAGE,,,,FINAL RATE Currency,,,CURRENCY,,,
,,,,,,,,,,,,,,,,,,,,,,,,,,,,,GBP,125.75,,GBP,0.25,126.00,125.75
,,,,,,Buyer Code,UI48,Port of Loading : ,Mundra / Nhava Shiva / ICD TKD,,,, ,,,,,,,,,,,,Delhi,195000,"$2,085.56",,USD,93.50,,USD,0.25,93.75,93.50
,,Sales Order No.,ENQ-Aniket-83,,,Country:,USA,POD,New York,,,Previous Years Data,,,,,,,,,,,,,Mumbai,85000,$909.09,,CAD,65.50,,CAD,0.25,65.75,65.50
,,,,,,Currency:,USD,Payment Terms :,CIF,,,,,,,,,,,,,,,,Freight,USA,$100.00,,AUD,58.75,,AUD,0.25,59.00,58.75
,,,,,,,,,,,,,,,,,,,,,,,,,,,,,EURO,105.75,,EURO,0.25,106.00,105.75
Product Code,Category,Product Name,Unit Size,"Units Per
 Case",Order Quantity,Purchase Person Name,Mrp,Gst%,Landing Cost,Remark,Unit (Per Kg / Per Pcs),Packing Type,Location,Buying Best Landing Rate,Gst %,"Gst
 Amount",Per Pc Rate Without Gst,Tax,Other Cost,Gst Cost,Total Rate / Box,Rate With Gst Cost,Final Price in Frg. Currency,Rates Per Carton,CBM,Cbm Cost Per Box in Selected Currency,Haulage,,Final Rate,,,,,,
KOI-BR-D-BRU-GREEN-LABEL-COFFEE-200GM*12-D4805,Branded,Bru Green Label coffee 200gm*12,200g,12,,Amit Sharma,740,18.00%,620.00,,Per Pcs,,Delhi,,18.00,0.00,0.00,,,,0.00,0.00,0.000,0.000,0.022,0.80,"$2,185.56",,0.80,, , ,,,
KOI-BR-D-HALDIRAM-GULAB-JAMUN-1-KG*12-D4477,Branded,Haldiram Gulab Jamun 1 kg*12,1kg,12,,Amit Sharma,240,12.00%,204.00,,Per Pcs,,Delhi,,12.00,0.00,0.00,,,,0.00,0.00,0.000,0.000,0.020,0.73,"$2,185.56",,0.73,,, ,,,
KOI-BR-HALDIRAM-RASGULLA-1KG-D198,Branded,HALDIRAM RASGULLA TIN 1KG*12P,1kg,12,,Amit Sharma,240,12.00%,204.00,,Per Pcs,,Delhi,,12.00,0.00,0.00,,,,0.00,0.00,0.000,0.000,0.033,1.20,"$2,185.56",,1.20,,,,,,
KOI-BR-HALDIRAM-SOAN-PAPDI-250G-D201,Branded,HALDIRAM SOAN PAPRI GHEE 250G*40P,250gm,40,,Amit Sharma,115,12.00%,97.75,,Per Pcs,,Delhi,,12.00,0.00,0.00,,,,0.00,0.00,0.000,0.000,0.030,1.09,"$2,185.56",,1.09,,,,,,
KOI-PVT-D-LOF-1KG-GULABJAMUN-IN-TIN*12-D4801,Pvt Label,LOF 1Kg Gulabjamun in Tin*12,1kg,12,,Amit,,5.00%,141.75,,Per Pcs,,Delhi,,5.00,0.00,0.00,,,,0.00,0.00,0.000,0.000,0.025,0.91,"$2,185.56",,0.91,,,,,,
KOI-PVT-D-LOF-1KG-RASGULLA-IN-TIN*12-D4802,Pvt Label,LOF 1Kg Rasgulla in Tin*12,1kg,12,,Amit,,5.00%,131.25,,Per Pcs,,Delhi,,5.00,0.00,0.00,,,,0.00,0.00,0.000,0.000,0.025,0.91,"$2,185.56",,0.91,,,,,,
KOI-PVT-D-LOF-1KG-RASMALAI-IN-TIN*12-D4804,Pvt Label,LOF 1Kg Rasmalai in Tin*12,1kg,12,,Amit,,5.00%,131.25,,Per Pcs,,Delhi,,5.00,0.00,0.00,,,,0.00,0.00,0.000,0.000,0.025,0.91,"$2,185.56",,0.91,,,,,,
KOI-PVT-D-LOF-250GM-SONPAPADI*40-D4803,Pvt Label,LOF 250gm Sonpapadi*40,250g,40,,Amit,,5.00%,78.75,,Per Pcs,,Delhi,,5.00,0.00,0.00,,,,0.00,0.00,0.000,0.000,0.025,0.91,"$2,185.56",,0.91,,,,,,
KOI-BR-D-NESCAFE-SUNRISE-COFFEE-POUCH-200GM*36-D4806,Branded,Nescafe Sunrise Coffee Pouch 200gm*36,200g,36,,Amit Sharma,650,18.00%,610.00,,Per Pcs,,Delhi,,18.00,0.00,0.00,,,,0.00,0.00,0.000,0.000,0.022,0.80,"$2,185.56",,0.80,,,,,,
,,,,,,,,,,,,,,,,,,,,,0.00,,,,,0.00,,,,,,,,,
,,,,,,,,,,,,,,,,,,,,,0.00,,,,,0.00,,,,,,,,,
,,,,,,,,,,,,,,,,,,,,,0.00,,,,,0.00,,,,, , ,,,
,,,,,,,,,,,,,,,,,,,,,0.00,,,,,0.00,,,,,,,,,
,,,,,,,,,,,,,,,,,,,,,0.00,,,,,0.00,,,,,,,,,
,,,,,,,,,,,,,,,,,,,,,0.00,,,,,0.00,,,,,,,,,
,,,,,,,,,,,,,,,,,,,,,0.00,,,,,0.00,,,,,,,,,
,,,,,,,,,,,,,,,,,,,,,0.00,,,,,0.00,,,,,,,,,
,,,,,,,,,,,,,,,,,,,,,0.00,,,,,0.00,,,,,,,,,
,,,,,,,,,,,,,,,,,,,,,0.00,,,,,0.00,,,,,,,,,
,,,,,,,,,,,,,,,,,,,,,0.00,,,,,0.00,,,,,,,,,
,,,,,,,,,,,,,,,,,,,,,0.00,,,,,0.00,,,,,,,,,
,,,,,,,,,,,,,,,,,,,,,0.00,,,,,0.00,,,,,,,,,
,,,,,,,,,,,,,,,,,,,,,0.00,,,,,0.00,,,,,,,,,
,,,,,,,,,,,,,,,,,,,,,0.00,,,,,0.00,,,,,,,,,
,,,,,,,,,,,,,,,,,,,,,0.00,,,,,0.00,,,,,,,,,
,,,,,,,,,,,,,,,,,,,,,0.00,,,,,0.00,,,,,,,,,
,,,,,,,,,,,,,,,,,,,,,0.00,,,,,0.00,,,,,,,,,
,,,,,,,,,,,,,,,,,,,,,0.00,,,,,0.00,,,,,, ,,, 
,,,,,,,,,,,,,,,,,,,,,0.00,,,,,0.00,,,,,,,,,
,,,,,,,,,,,,,,,,,,,,,0.00,,,,,0.00,, ,,,,,,,
,,,,,,,,,,,,,,,,,,,,,0.00,,,,,0.00,,,,,,,,,
,,,,,,,,,,,,,,,,,,,,,0.00,,,,,0.00,,,,,,,,,
,,,,,,,,,,,,,,,,,,,,,0.00,,,,,0.00,,,,,,,,,
,,,,,,,,,,,,,,,,,,,,,0.00,,,,,0.00,,,,,,,,,
,,,,,,,,,,,,,,,,,,,,,0.00,,,,,0.00,,,,,,,,,
,,,,,,,,,,,,,,,,,,,,,0.00,,,,,0.00,,,,,,,,,
,,,,,,,,,,,,,,,,,,,,,0.00,,,,,0.00,,,,,,,,,
,,,,,,,,,,,,,,,,,,,,,0.00,,,,,0.00,,,,,,,,,
,,,,,,,,,,,,,,,,,,,,,0.00,,,,,0.00,,,,,,,,,
,,,,,,,,,,,,,,,,,,,,,0.00,,,,,0.00,,,,,,,,,
,,,,,,,,,,,,,,,,,,,,,0.00,,,,,0.00,,,,,,,,,
,,,,,,,,,,,,,,,,,,,,,0.00,,,,,0.00,,,,,,,,,
,,,,,,,,,,,,,,,,,,,,,0.00,,,,,0.00,,,,,,,,,
,,,,,,,,,,,,,,,,,,,,,0.00,,,,,0.00,,,,,,,,,
,,,,,,,,,,,,,,,,,,,,,0.00,,,,,0.00,,,,,,,,,
,,,,,,,,,,,,,,,,,,,,,0.00,,,,,0.00,,,,,,,,,
,,,,,,,,,,,,,,,,,,,,,0.00,,,,,0.00,,,,,,,,,
,,,,,,,,,,,,,,,,,,,,,0.00,,,,,0.00,,,,,,,,,
,,,,,,,,,,,,,,,,,,,,,0.00,,,,,0.00,,,,,,,,,
,,,,,,,,,,,,,,,,,,,,,0.00,,,,,0.00,,,,,,,,,
,,,,,,,,,,,,,,,,,,,,,0.00,,,,,0.00,,,,,,,,,
,,,,,,,,,,,,,,,,,,,,,0.00,,,,,0.00,,,,,,,,,
,,,,,,,,,,,,,,,,,,,,,0.00,,,,,0.00,,,,,,,,,
,,,,,,,,,,,,,,,,,,,,,0.00,,,,,0.00,,,,,,,,,
,,,,,,,,,,,,,,,,,,,,,0.00,,,,,0.00,,,,,,,,,
,,,,,,,,,,,,,,,,,,,,,0.00,,,,,0.00,,,,,,,,,
,,,,,,,,,,,,,,,,,,,,,0.00,,,,,0.00,,,,,,,,,
,,,,,,,,,,,,,,,,,,,,,0.00,,,,,0.00,,,,,,,,,
,,,,,,,,,,,,,,,,,,,,,0.00,,,,,0.00,,,,,,,,,
,,,,,,,,,,,,,,,,,,,,,0.00,,,,,0.00,,,,,,,,,
,,,,,,,,,,,,,,,,,,,,,0.00,,,,,0.00,,,,,,,,,
,,,,,,,,,,,,,,,,,,,,,0.00,,,,,0.00,,,,,,,,,
,,,,,,,,,,,,,,,,,,,,,0.00,,,,,0.00,,,,,,,,,
,,,,,,,,,,,,,,,,,,,,,0.00,,,,,0.00,,,,,,,,,
,,,,,,,,,,,,,,,,,,,,,0.00,,,,,0.00,,,,,,,,,
,,,,,,,,,,,,,,,,,,,,,0.00,,,,,0.00,,,,,,,,,
,,,,,,,,,,,,,,,,,,,,,0.00,,,,,0.00,,,,,,,,,
,,,,,,,,,,,,,,,,,,,,,0.00,,,,,0.00,,,,,,,,,
,,,,,,,,,,,,,,,,,,,,,0.00,,,,,0.00,,,,,,,,,
,,,,,,,,,,,,,,,,,,,,,0.00,,,,,0.00,,,,,,,,,
,,,,,,,,,,,,,,,,,,,,,0.00,,,,,0.00,,,,,,,,,
,,,,,,,,,,,,,,,,,,,,,0.00,,,,,0.00,,,,,,,,,
,,,,,,,,,,,,,,,,,,,,,0.00,,,,,0.00,,,,,,,,,
,,,,,,,,,,,,,,,,,,,,,0.00,,,,,0.00,,,,,,,,,
,,,,,,,,,,,,,,,,,,,,,0.00,,,,,0.00,,,,,,,,,
,,,,,,,,,,,,,,,,,,,,,0.00,,,,,0.00,,,,,,,,,
,,,,,,,,,,,,,,,,,,,,,0.00,,,,,0.00,,,,,,,,,
,,,,,,,,,,,,,,,,,,,,,0.00,,,,,0.00,,,,,,,,,
,,,,,,,,,,,,,,,,,,,,,0.00,,,,,0.00,,,,,,,,,
,,,,,,,,,,,,,,,,,,,,,0.00,,,,,0.00,,,,,,,,,
,,,,,,,,,,,,,,,,,,,,,0.00,,,,,0.00,,,,,,,,,
,,,,,,,,,,,,,,,,,,,,,0.00,,,,,0.00,,,,,,,,,
,,,,,,,,,,,,,,,,,,,,,0.00,,,,,0.00,,,,,,,,,
,,,,,,,,,,,,,,,,,,,,,0.00,,,,,0.00,,,,,,,,,
,,,,,,,,,,,,,,,,,,,,,0.00,,,,,0.00,,,,,,,,,
,,,,,,,,,,,,,,,,,,,,,0.00,,,,,0.00,,,,,,,,,
,,,,,,,,,,,,,,,,,,,,,0.00,,,,,0.00,,,,,,,,,
,,,,,,,,,,,,,,,,,,,,,0.00,,,,,0.00,,,,,,,,,
,,,,,,,,,,,,,,,,,,,,,0.00,,,,,0.00,,,,,,,,,
,,,,,,,,,,,,,,,,,,,,,0.00,,,,,0.00,,,,,,,,,
,,,,,,,,,,,,,,,,,,,,,0.00,,,,,0.00,,,,,,,,,
,,,,,,,,,,,,,,,,,,,,,0.00,,,,,0.00,,,,,,,,,
,,,,,,,,,,,,,,,,,,,,,0.00,,,,,0.00,,,,,,,,,
,,,,,,,,,,,,,,,,,,,,,0.00,,,,,0.00,,,,,,,,,
,,,,,,,,,,,,,,,,,,,,,0.00,,,,,0.00,,,,,,,,,
,,,,,,,,,,,,,,,,,,,,,0.00,,,,,0.00,,,,,,,,,
,,,,,,,,,,,,,,,,,,,,,0.00,,,,,0.00,,,,,,,,,
,,,,,,,,,,,,,,,,,,,,,0.00,,,,,0.00,,,,,,,,,
,,,,,,,,,,,,,,,,,,,,,0.00,,,,,0.00,,,,,,,,,
,,,,,,,,,,,,,,,,,,,,,0.00,,,,,0.00,,,,,,,,,
,,,,,,,,,,,,,,,,,,,,,0.00,,,,,0.00,,,,,,,,,
,,,,,,,,,,,,,,,,,,,,,0.00,,,,,0.00,,,,,,,,,
,,,,,,,,,,,,,,,,,,,,,0.00,,,,,0.00,,,,,,,,,
,,,,,,,,,,,,,,,,,,,,,0.00,,,,,0.00,,,,,,,,,
,,,,,,,,,,,,,,,,,,,,,0.00,,,,,0.00,,,,,,,,,
,,,,,,,,,,,,,,,,,,,,,0.00,,,,,0.00,,,,,,,,,
,,,,,,,,,,,,,,,,,,,,,0.00,,,,,0.00,,,,,,,,,
,,,,,,,,,,,,,,,,,,,,,0.00,,,,,0.00,,,,,,,,,
,,,,,,,,,,,,,,,,,,,,,0.00,,,,,0.00,,,,,,,,,
,,,,,,,,,,,,,,,,,,,,,0.00,,,,,0.00,,,,,,,,,
,,,,,,,,,,,,,,,,,,,,,0.00,,,,,0.00,,,,,,,,,
,,,,,,,,,,,,,,,,,,,,,0.00,,,,,0.00,,,,,,,,,
,,,,,,,,,,,,,,,,,,,,,0.00,,,,,0.00,,,,,,,,,
,,,,,,,,,,,,,,,,,,,,,0.00,,,,,0.00,,,,,,,,,
,,,,,,,,,,,,,,,,,,,,,0.00,,,,,0.00,,,,,,,,,
,,,,,,,,,,,,,,,,,,,,,0.00,,,,,0.00,,,,,,,,,
,,,,,,,,,,,,,,,,,,,,,0.00,,,,,0.00,,,,,,,,,
,,,,,,,,,,,,,,,,,,,,,0.00,,,,,0.00,,,,,,,,,
,,,,,,,,,,,,,,,,,,,,,0.00,,,,,0.00,,,,,,,,,
,,,,,,,,,,,,,,,,,,,,,0.00,,,,,0.00,,,,,,,,,
,,,,,,,,,,,,,,,,,,,,,0.00,,,,,0.00,,,,,,,,,
,,,,,,,,,,,,,,,,,,,,,0.00,,,,,0.00,,,,,,,,,
,,,,,,,,,,,,,,,,,,,,,0.00,,,,,0.00,,,,,,,,,
,,,,,,,,,,,,,,,,,,,,,0.00,,,,,0.00,,,,,,,,,
,,,,,,,,,,,,,,,,,,,,,0.00,,,,,0.00,,,,,,,,,
,,,,,,,,,,,,,,,,,,,,,0.00,,,,,0.00,,,,,,,,,
,,,,,,,,,,,,,,,,,,,,,0.00,,,,,0.00,,,,,,,,,
,,,,,,,,,,,,,,,,,,,,,0.00,,,,,0.00,,,,,,,,,
,,,,,,,,,,,,,,,,,,,,,0.00,,,,,0.00,,,,,,,,,
,,,,,,,,,,,,,,,,,,,,,0.00,,,,,0.00,,,,,,,,,
,,,,,,,,,,,,,,,,,,,,,0.00,,,,,0.00,,,,,,,,,
,,,,,,,,,,,,,,,,,,,,,0.00,,,,,0.00,,,,,,,,,
,,,,,,,,,,,,,,,,,,,,,0.00,,,,,0.00,,,,,,,,,
,,,,,,,,,,,,,,,,,,,,,0.00,,,,,0.00,,,,,,,,,
,,,,,,,,,,,,,,,,,,,,,0.00,,,,,0.00,,,,,,,,,
,,,,,,,,,,,,,,,,,,,,,0.00,,,,,0.00,,,,,,,,,
,,,,,,,,,,,,,,,,,,,,,0.00,,,,,0.00,,,,,,,,,
,,,,,,,,,,,,,,,,,,,,,0.00,,,,,0.00,,,,,,,,,
,,,,,,,,,,,,,,,,,,,,,0.00,,,,,0.00,,,,,,,,,
,,,,,,,,,,,,,,,,,,,,,0.00,,,,,0.00,,,,,,,,,
,,,,,,,,,,,,,,,,,,,,,0.00,,,,,0.00,,,,,,,,,
,,,,,,,,,,,,,,,,,,,,,0.00,,,,,0.00,,,,,,,,,
,,,,,,,,,,,,,,,,,,,,,0.00,,,,,0.00,,,,,,,,,
,,,,,,,,,,,,,,,,,,,,,0.00,,,,,0.00,,,,,,,,,
,,,,,,,,,,,,,,,,,,,,,0.00,,,,,0.00,,,,,,,,,
,,,,,,,,,,,,,,,,,,,,,0.00,,,,,0.00,,,,,,,,,
,,,,,,,,,,,,,,,,,,,,,0.00,,,,,0.00,,,,,,,,,
,,,,,,,,,,,,,,,,,,,,,0.00,,,,,0.00,,,,,,,,,
,,,,,,,,,,,,,,,,,,,,,0.00,,,,,0.00,,,,,,,,,
,,,,,,,,,,,,,,,,,,,,,0.00,,,,,0.00,,,,,,,,,
,,,,,,,,,,,,,,,,,,,,,0.00,,,,,0.00,,,,,,,,,
,,,,,,,,,,,,,,,,,,,,,0.00,,,,,0.00,,,,,,,,,
,,,,,,,,,,,,,,,,,,,,,0.00,,,,,0.00,,,,,,,,,
,,,,,,,,,,,,,,,,,,,,,0.00,,,,,0.00,,,,,,,,,
,,,,,,,,,,,,,,,,,,,,,0.00,,,,,0.00,,,,,,,,,
,,,,,,,,,,,,,,,,,,,,,0.00,,,,,0.00,,,,,,,,,
,,,,,,,,,,,,,,,,,,,,,0.00,,,,,0.00,,,,,,,,,
,,,,,,,,,,,,,,,,,,,,,0.00,,,,,0.00,,,,,,,,,
,,,,,,,,,,,,,,,,,,,,,0.00,,,,,0.00,,,,,,,,,
,,,,,,,,,,,,,,,,,,,,,0.00,,,,,0.00,,,,,,,,,
,,,,,,,,,,,,,,,,,,,,,0.00,,,,,0.00,,,,,,,,,
,,,,,,,,,,,,,,,,,,,,,0.00,,,,,0.00,,,,,,,,,
,,,,,,,,,,,,,,,,,,,,,0.00,,,,,0.00,,,,,,,,,
,,,,,,,,,,,,,,,,,,,,,0.00,,,,,0.00,,,,,,,,,
,,,,,,,,,,,,,,,,,,,,,0.00,,,,,0.00,,,,,,,,,
,,,,,,,,,,,,,,,,,,,,,0.00,,,,,0.00,,,,,,,,,
,,,,,,,,,,,,,,,,,,,,,0.00,,,,,0.00,,,,,,,,,
,,,,,,,,,,,,,,,,,,,,,0.00,,,,,0.00,,,,,,,,,
,,,,,,,,,,,,,,,,,,,,,0.00,,,,,0.00,,,,,,,,,
,,,,,,,,,,,,,,,,,,,,,0.00,,,,,0.00,,,,,,,,,
,,,,,,,,,,,,,,,,,,,,,0.00,,,,,0.00,,,,,,,,,
,,,,,,,,,,,,,,,,,,,,,0.00,,,,,0.00,,,,,,,,,
,,,,,,,,,,,,,,,,,,,,,0.00,,,,,0.00,,,,,,,,,
,,,,,,,,,,,,,,,,,,,,,0.00,,,,,0.00,,,,,,,,,
,,,,,,,,,,,,,,,,,,,,,0.00,,,,,0.00,,,,,,,,,
,,,,,,,,,,,,,,,,,,,,,0.00,,,,,0.00,,,,,,,,,
,,,,,,,,,,,,,,,,,,,,,0.00,,,,,0.00,,,,,,,,,
,,,,,,,,,,,,,,,,,,,,,0.00,,,,,0.00,,,,,,,,,
,,,,,,,,,,,,,,,,,,,,,0.00,,,,,0.00,,,,,,,,,
,,,,,,,,,,,,,,,,,,,,,0.00,,,,,0.00,,,,,,,,,
,,,,,,,,,,,,,,,,,,,,,0.00,,,,,0.00,,,,,,,,,
,,,,,,,,,,,,,,,,,,,,,0.00,,,,,0.00,,,,,,,,,
,,,,,,,,,,,,,,,,,,,,,0.00,,,,,0.00,,,,,,,,,
,,,,,,,,,,,,,,,,,,,,,0.00,,,,,0.00,,,,,,,,,
,,,,,,,,,,,,,,,,,,,,,0.00,,,,,0.00,,,,,,,,,
,,,,,,,,,,,,,,,,,,,,,0.00,,,,,0.00,,,,,,,,,
,,,,,,,,,,,,,,,,,,,,,0.00,,,,,0.00,,,,,,,,,
,,,,,,,,,,,,,,,,,,,,,0.00,,,,,0.00,,,,,,,,,
,,,,,,,,,,,,,,,,,,,,,0.00,,,,,0.00,,,,,,,,,
,,,,,,,,,,,,,,,,,,,,,0.00,,,,,0.00,,,,,,,,,
,,,,,,,,,,,,,,,,,,,,,0.00,,,,,0.00,,,,,,,,,
,,,,,,,,,,,,,,,,,,,,,0.00,,,,,0.00,,,,,,,,,
,,,,,,,,,,,,,,,,,,,,,0.00,,,,,0.00,,,,,,,,,
,,,,,,,,,,,,,,,,,,,,,0.00,,,,,0.00,,,,,,,,,
,,,,,,,,,,,,,,,,,,,,,0.00,,,,,0.00,,,,,,,,,
,,,,,,,,,,,,,,,,,,,,,0.00,,,,,0.00,,,,,,,,,
,,,,,,,,,,,,,,,,,,,,,0.00,,,,,0.00,,,,,,,,,
,,,,,,,,,,,,,,,,,,,,,0.00,,,,,0.00,,,,,,,,,
,,,,,,,,,,,,,,,,,,,,,0.00,,,,,0.00,,,,,,,,,
,,,,,,,,,,,,,,,,,,,,,0.00,,,,,0.00,,,,,,,,,
,,,,,,,,,,,,,,,,,,,,,0.00,,,,,0.00,,,,,,,,,
,,,,,,,,,,,,,,,,,,,,,0.00,,,,,0.00,,,,,,,,,
,,,,,,,,,,,,,,,,,,,,,0.00,,,,,0.00,,,,,,,,,
,,,,,,,,,,,,,,,,,,,,,0.00,,,,,0.00,,,,,,,,,
,,,,,,,,,,,,,,,,,,,,,0.00,,,,,0.00,,,,,,,,,
,,,,,,,,,,,,,,,,,,,,,0.00,,,,,0.00,,,,,,,,,
,,,,,,,,,,,,,,,,,,,,,0.00,,,,,0.00,,,,,,,,,
,,,,,,,,,,,,,,,,,,,,,0.00,,,,,0.00,,,,,,,,,
,,,,,,,,,,,,,,,,,,,,,0.00,,,,,0.00,,,,,,,,,
,,,,,,,,,,,,,,,,,,,,,0.00,,,,,0.00,,,,,,,,,
,,,,,,,,,,,,,,,,,,,,,0.00,,,,,0.00,,,,,,,,,
,,,,,,,,,,,,,,,,,,,,,0.00,,,,,0.00,,,,,,,,,
,,,,,,,,,,,,,,,,,,,,,0.00,,,,,0.00,,,,,,,,,
,,,,,,,,,,,,,,,,,,,,,0.00,,,,,0.00,,,,,,,,,
,,,,,,,,,,,,,,,,,,,,,0.00,,,,,0.00,,,,,,,,,
,,,,,,,,,,,,,,,,,,,,,0.00,,,,,0.00,,,,,,,,,
,,,,,,,,,,,,,,,,,,,,,0.00,,,,,0.00,,,,,,,,,
,,,,,,,,,,,,,,,,,,,,,0.00,,,,,0.00,,,,,,,,,
,,,,,,,,,,,,,,,,,,,,,0.00,,,,,0.00,,,,,,,,,
,,,,,,,,,,,,,,,,,,,,,0.00,,,,,0.00,,,,,,,,,
,,,,,,,,,,,,,,,,,,,,,0.00,,,,,0.00,,,,,,,,,
,,,,,,,,,,,,,,,,,,,,,0.00,,,,,0.00,,,,,,,,,
,,,,,,,,,,,,,,,,,,,,,0.00,,,,,0.00,,,,,,,,,
,,,,,,,,,,,,,,,,,,,,,0.00,,,,,0.00,,,,,,,,,
,,,,,,,,,,,,,,,,,,,,,0.00,,,,,0.00,,,,,,,,,
,,,,,,,,,,,,,,,,,,,,,0.00,,,,,0.00,,,,,,,,,
,,,,,,,,,,,,,,,,,,,,,0.00,,,,,0.00,,,,,,,,,
,,,,,,,,,,,,,,,,,,,,,0.00,,,,,0.00,,,,,,,,,
,,,,,,,,,,,,,,,,,,,,,0.00,,,,,0.00,,,,,,,,,
,,,,,,,,,,,,,,,,,,,,,0.00,,,,,0.00,,,,,,,,,
,,,,,,,,,,,,,,,,,,,,,0.00,,,,,0.00,,,,,,,,,
,,,,,,,,,,,,,,,,,,,,,0.00,,,,,0.00,,,,,,,,,
,,,,,,,,,,,,,,,,,,,,,0.00,,,,,0.00,,,,,,,,,
,,,,,,,,,,,,,,,,,,,,,0.00,,,,,0.00,,,,,,,,,
,,,,,,,,,,,,,,,,,,,,,0.00,,,,,0.00,,,,,,,,,
,,,,,,,,,,,,,,,,,,,,,0.00,,,,,0.00,,,,,,,,,
,,,,,,,,,,,,,,,,,,,,,0.00,,,,,0.00,,,,,,,,,
,,,,,,,,,,,,,,,,,,,,,0.00,,,,,0.00,,,,,,,,,
,,,,,,,,,,,,,,,,,,,,,0.00,,,,,0.00,,,,,,,,,
,,,,,,,,,,,,,,,,,,,,,0.00,,,,,0.00,,,,,,,,,
,,,,,,,,,,,,,,,,,,,,,0.00,,,,,0.00,,,,,,,,,
,,,,,,,,,,,,,,,,,,,,,0.00,,,,,0.00,,,,,,,,,
,,,,,,,,,,,,,,,,,,,,,0.00,,,,,0.00,,,,,,,,,
,,,,,,,,,,,,,,,,,,,,,0.00,,,,,0.00,,,,,,,,,
,,,,,,,,,,,,,,,,,,,,,0.00,,,,,0.00,,,,,,,,,
,,,,,,,,,,,,,,,,,,,,,0.00,,,,,0.00,,,,,,,,,
,,,,,,,,,,,,,,,,,,,,,0.00,,,,,0.00,,,,,,,,,
,,,,,,,,,,,,,,,,,,,,,0.00,,,,,0.00,,,,,,,,,
,,,,,,,,,,,,,,,,,,,,,0.00,,,,,0.00,,,,,,,,,
,,,,,,,,,,,,,,,,,,,,,0.00,,,,,0.00,,,,,,,,,
,,,,,,,,,,,,,,,,,,,,,0.00,,,,,0.00,,,,,,,,,
,,,,,,,,,,,,,,,,,,,,,0.00,,,,,0.00,,,,,,,,,
,,,,,,,,,,,,,,,,,,,,,0.00,,,,,0.00,,,,,,,,,
,,,,,,,,,,,,,,,,,,,,,0.00,,,,,0.00,,,,,,,,,
,,,,,,,,,,,,,,,,,,,,,0.00,,,,,0.00,,,,,,,,,
,,,,,,,,,,,,,,,,,,,,,0.00,,,,,0.00,,,,,,,,,
,,,,,,,,,,,,,,,,,,,,,0.00,,,,,0.00,,,,,,,,,
,,,,,,,,,,,,,,,,,,,,,0.00,,,,,0.00,,,,,,,,,
,,,,,,,,,,,,,,,,,,,,,0.00,,,,,0.00,,,,,,,,,
,,,,,,,,,,,,,,,,,,,,,0.00,,,,,0.00,,,,,,,,,
,,,,,,,,,,,,,,,,,,,,,0.00,,,,,0.00,,,,,,,,,
,,,,,,,,,,,,,,,,,,,,,0.00,,,,,0.00,,,,,,,,,
,,,,,,,,,,,,,,,,,,,,,0.00,,,,,0.00,,,,,,,,,
,,,,,,,,,,,,,,,,,,,,,0.00,,,,,0.00,,,,,,,,,
,,,,,,,,,,,,,,,,,,,,,0.00,,,,,0.00,,,,,,,,,
,,,,,,,,,,,,,,,,,,,,,0.00,,,,,0.00,,,,,,,,,
,,,,,,,,,,,,,,,,,,,,,0.00,,,,,0.00,,,,,,,,,
,,,,,,,,,,,,,,,,,,,,,0.00,,,,,0.00,,,,,,,,,
,,,,,,,,,,,,,,,,,,,,,0.00,,,,,0.00,,,,,,,,,
,,,,,,,,,,,,,,,,,,,,,0.00,,,,,0.00,,,,,,,,,
,,,,,,,,,,,,,,,,,,,,,0.00,,,,,0.00,,,,,,,,,
,,,,,,,,,,,,,,,,,,,,,0.00,,,,,0.00,,,,,,,,,
,,,,,,,,,,,,,,,,,,,,,0.00,,,,,0.00,,,,,,,,,
,,,,,,,,,,,,,,,,,,,,,0.00,,,,,0.00,,,,,,,,,
,,,,,,,,,,,,,,,,,,,,,0.00,,,,,0.00,,,,,,,,,
,,,,,,,,,,,,,,,,,,,,,0.00,,,,,0.00,,,,,,,,,
,,,,,,,,,,,,,,,,,,,,,0.00,,,,,0.00,,,,,,,,,
,,,,,,,,,,,,,,,,,,,,,0.00,,,,,0.00,,,,,,,,,
,,,,,,,,,,,,,,,,,,,,,0.00,,,,,0.00,,,,,,,,,
,,,,,,,,,,,,,,,,,,,,,0.00,,,,,0.00,,,,,,,,,
,,,,,,,,,,,,,,,,,,,,,0.00,,,,,0.00,,,,,,,,,
,,,,,,,,,,,,,,,,,,,,,0.00,,,,,0.00,,,,,,,,,
,,,,,,,,,,,,,,,,,,,,,0.00,,,,,0.00,,,,,,,,,
,,,,,,,,,,,,,,,,,,,,,0.00,,,,,0.00,,,,,,,,,
,,,,,,,,,,,,,,,,,,,,,0.00,,,,,0.00,,,,,,,,,
,,,,,,,,,,,,,,,,,,,,,0.00,,,,,0.00,,,,,,,,,
,,,,,,,,,,,,,,,,,,,,,0.00,,,,,0.00,,,,,,,,,
,,,,,,,,,,,,,,,,,,,,,0.00,,,,,0.00,,,,,,,,,
,,,,,,,,,,,,,,,,,,,,,0.00,,,,,0.00,,,,,,,,,
,,,,,,,,,,,,,,,,,,,,,0.00,,,,,0.00,,,,,,,,,
,,,,,,,,,,,,,,,,,,,,,0.00,,,,,0.00,,,,,,,,,
,,,,,,,,,,,,,,,,,,,,,0.00,,,,,0.00,,,,,,,,,
,,,,,,,,,,,,,,,,,,,,,0.00,,,,,0.00,,,,,,,,,